-- Seed data for Restaurants
INSERT INTO Restaurants (Name, PostalCode, StreetAddress, City, State, PhoneNumber, OpeningHours) VALUES
('The Grill House', '13278', '4516 Cedar Rd', 'Houston', 'TX', '(343) 954-2679', '6:00 AM - 8:00 PM'),
('Urban Bites', '21395', '9684 Willow St', 'Denver', 'CO', '(231) 295-4582', '9:00 AM - 11:00 PM'),
('Golden Spoon', '88907', '444 Cherry Rd', 'Seattle', 'WA', '(934) 865-9928', '24 Hours'),
('Fresh Garden Café', '68878', '9664 Elm St', 'San Diego', 'CA', '(978) 363-7924', '7:30 AM - 12:00 AM'),
('The Spice Corner', '30379', '3537 Birch Ave', 'Dallas', 'TX', '(295) 589-2584', '7:30 AM - 12:00 AM'),
('Ocean Wave Seafood', '89131', '4343 Oak Way', 'Jacksonville', 'FL', '(750) 327-7201', '8:00 AM - 10:00 PM'),
('Mountain View Diner', '48427', '5935 Walnut Rd', 'Denver', 'CO', '(922) 271-1750', '6:00 AM - 8:00 PM'),
('Burger Palace', '47930', '1317 Cedar Ave', 'San Diego', 'CA', '(590) 484-8428', '6:00 AM - 8:00 PM'),
('Pasta Avenue', '31319', '6075 Birch Rd', 'Jacksonville', 'FL', '(887) 473-2169', '10:00 AM - 9:00 PM'),
('The Taco Spot', '80010', '4020 Pine Way', 'Philadelphia', 'PA', '(589) 476-4598', '6:00 AM - 8:00 PM'),
('Sweet & Smoky BBQ', '17331', '3762 Oak Pl', 'Austin', 'TX', '(611) 474-2084', '9:00 AM - 11:00 PM'),
('Sunrise Breakfast Bar', '51245', '3493 Ash Way', 'Boston', 'MA', '(606) 858-8517', '9:00 AM - 11:00 PM'),
('Little Italy Kitchen', '28301', '4050 Holly Ln', 'Dallas', 'TX', '(965) 798-8019', '10:00 AM - 9:00 PM'),
('Royal Curry House', '57447', '3603 Pine Way', 'San Francisco', 'CA', '(294) 973-1771', '8:00 AM - 10:00 PM'),
('City Steakhouse', '92240', '2631 Ash Ct', 'Phoenix', 'AZ', '(811) 265-7304', '24 Hours'),
('Riverside Café', '71348', '8679 Elm St', 'Nashville', 'TN', '(897) 938-2876', '6:00 AM - 8:00 PM'),
('Flame & Skewers', '44973', '5583 Maple Ln', 'Denver', 'CO', '(646) 361-8433', '8:00 AM - 10:00 PM'),
('The Coffee Loft', '75612', '2937 Cherry Ave', 'Dallas', 'TX', '(841) 505-9317', '10:00 AM - 9:00 PM'),
('Crispy Chicken Co.', '30032', '6136 Pine St', 'San Antonio', 'TX', '(814) 531-9005', '8:00 AM - 10:00 PM'),
('Green Leaf Salad Bar', '57576', '5048 Cedar St', 'Houston', 'TX', '(447) 780-2290', '8:00 AM - 10:00 PM'),
('The Noodle Bowl', '19071', '8737 Pine Blvd', 'Indianapolis', 'IN', '(876) 686-3705', '7:30 AM - 12:00 AM'),
('Urban Pizza Co.', '89507', '6942 Cedar Rd', 'Seattle', 'WA', '(931) 519-7537', '6:00 AM - 8:00 PM'),
('Sushi Express', '67422', '8489 Spruce Ave', 'Jacksonville', 'FL', '(454) 430-2049', '7:30 AM - 12:00 AM'),
('Downtown Burgers', '87110', '9085 Cedar Rd', 'New York', 'NY', '(208) 272-1964', '9:00 AM - 11:00 PM'),
('The Brunch Table', '14117', '5423 Maple Rd', 'Chicago', 'IL', '(486) 885-8953', '9:00 AM - 11:00 PM'),
('The Kebab Grill', '27342', '9365 Walnut Way', 'Denver', 'CO', '(449) 684-7669', '9:00 AM - 11:00 PM'),
('Blue Lagoon Restaurant', '22704', '7072 Birch Ct', 'Houston', 'TX', '(621) 678-1887', '6:00 AM - 8:00 PM'),
('Bella Pasta Bistro', '17944', '6606 Holly Pl', 'Houston', 'TX', '(312) 454-4139', '9:00 AM - 11:00 PM'),
('Street Food Hub', '68800', '2306 Willow Blvd', 'Denver', 'CO', '(486) 673-5092', '8:00 AM - 10:00 PM'),
('The Fish Market', '82132', '1614 Oak St', 'Charlotte', 'NC', '(296) 971-4872', '9:00 AM - 11:00 PM'),
('Hot & Ready Shawarma', '73653', '7896 Cedar Ct', 'Columbus', 'OH', '(261) 368-7209', '8:00 AM - 10:00 PM'),
('Village Café & Bakery', '44760', '7464 Elm Ct', 'San Francisco', 'CA', '(914) 948-8973', '9:00 AM - 11:00 PM'),
('The Burger Shack', '48890', '3576 Oak St', 'San Antonio', 'TX', '(966) 521-1936', '8:00 AM - 10:00 PM'),
('Smokehouse Grill', '72493', '8248 Cherry Blvd', 'Boston', 'MA', '(259) 720-2312', '9:00 AM - 11:00 PM'),
('Mango Tree Restaurant', '87992', '1123 Ash Rd', 'Chicago', 'IL', '(614) 322-5033', '10:00 AM - 9:00 PM'),
('Midnight Snacks Diner', '15209', '1353 Willow Pl', 'Nashville', 'TN', '(468) 409-6147', '9:00 AM - 11:00 PM'),
('The Food Station', '61876', '2154 Ash Ln', 'Dallas', 'TX', '(669) 523-2188', '8:00 AM - 10:00 PM'),
('House of Waffles', '91416', '9234 Maple Ave', 'Charlotte', 'NC', '(751) 418-9288', '7:30 AM - 12:00 AM'),
('The Wrap Factory', '55745', '1137 Cedar Pl', 'Phoenix', 'AZ', '(492) 361-8179', '10:00 AM - 9:00 PM'),
('Golden Dragon Asian Kitchen', '90173', '8676 Oak Ln', 'San Jose', 'CA', '(880) 306-3200', '7:30 AM - 12:00 AM'),
('The Salad Room', '24029', '9074 Pine Ln', 'Houston', 'TX', '(489) 819-4450', '6:00 AM - 8:00 PM'),
('The Bread & Butter Cafe', '36685', '4335 Cherry Way', 'Austin', 'TX', '(458) 252-2512', '6:00 AM - 8:00 PM'),
('The Lemon Pepper Kitchen', '46265', '732 Oak Pl', 'Columbus', 'OH', '(334) 852-5291', '9:00 AM - 11:00 PM'),
('Vintage Coffee Club', '82309', '7017 Cherry St', 'Charlotte', 'NC', '(315) 277-3442', '10:00 AM - 9:00 PM'),
('Happy Rice Bowl', '58393', '9553 Cherry Blvd', 'Los Angeles', 'CA', '(641) 330-1685', '7:30 AM - 12:00 AM'),
('The Hungry Wolf', '15229', '5872 Cedar Rd', 'Jacksonville', 'FL', '(883) 305-6794', '10:00 AM - 9:00 PM'),
('Salt & Stone Steakhouse', '91351', '2542 Cedar Blvd', 'Columbus', 'OH', '(382) 622-1406', '9:00 AM - 11:00 PM'),
('The Vegan Wagon', '63964', '4075 Elm Blvd', 'Austin', 'TX', '(919) 310-7267', '8:00 AM - 10:00 PM'),
('Sunny Side Café', '39154', '3279 Spruce Pl', 'Indianapolis', 'IN', '(513) 433-4652', '8:00 AM - 10:00 PM'),
('Buffalo Wings Factory', '62227', '5388 Elm Ave', 'San Antonio', 'TX', '(486) 559-9346', '24 Hours');
